{"swagger":"2.0","info":{"version":"1.0.0","title":"GoGates Backend Documentation.","description":"GPS Backend APIs.","termsOfService":"https://swagger.io/terms/","contact":{"name":"Rahul singh"},"license":{"name":"MIT"}},"paths":{"/v1/user/register":{"post":{"tags":["AUTH"],"summary":"Signup  user.","responses":{"200":{"description":{}}},"parameters":[{"in":"body","name":"body","schema":{"$ref":"#/definitions/REGISTER_USER"}}]}},"/v1/user/login":{"post":{"tags":["AUTH"],"summary":"Login user.","responses":{"200":{"description":{}}},"parameters":[{"in":"body","name":"body","schema":{"$ref":"#/definitions/LOGIN_USER"}}]}},"/v1/user/verify_otp":{"post":{"tags":["AUTH"],"summary":"Verify OTP!","responses":{"200":{"description":{}}},"parameters":[{"in":"body","name":"body","schema":{"$ref":"#/definitions/VERIFY_OTP"}}]}},"/v1/user/logout":{"post":{"tags":["AUTH"],"summary":"LOGOUT USER!","responses":{"200":{"description":{}}},"parameters":[{"in":"header","name":"authorization","type":"string","description":"Un-authorized access.","required":true}]}},"/v1/user/verify/{token}":{"put":{"tags":["AUTH"],"summary":"Verify user token to verify email or phone or any other accordin tot type!","responses":{"200":{"description":{}}},"parameters":[{"name":"token","in":"path","type":"string","description":"Enter token","title":"Token","required":true}]}},"/v1/user/get_encrypted_password":{"post":{"tags":["AUTH"],"summary":"Get encrypted password","responses":{"200":{"description":{}}},"parameters":[{"in":"body","name":"body","schema":{"$ref":"#/definitions/GET_ENCRYPPTED_PASSWORD"}}]}},"/v1/company/add/gates":{"post":{"tags":["COMPANY"],"summary":"add gate","responses":{"200":{"description":{}}},"parameters":[{"in":"body","name":"body","schema":{"$ref":"#/definitions/ADD_GATE"}},{"in":"header","name":"authorization","type":"string","description":"Un-authorized access.","required":true}]}},"/v1/company/update/gate":{"put":{"tags":["COMPANY"],"summary":"add gate","responses":{"200":{"description":{}}},"parameters":[{"in":"body","name":"body","schema":{"$ref":"#/definitions/UPDATE_GATE"}},{"in":"header","name":"authorization","type":"string","description":"Un-authorized access.","required":true}]}},"/v1/company/delete/gate":{"delete":{"tags":["COMPANY"],"summary":"add gate","responses":{"200":{"description":{}}},"parameters":[{"in":"query","name":"id","type":"string","description":"Enter id","title":"id","required":true},{"in":"header","name":"authorization","type":"string","description":"Un-authorized access.","required":true}]}},"/v1/company/get/gateList":{"get":{"tags":["COMPANY"],"summary":"get gate","responses":{"200":{"description":{}}},"parameters":[{"in":"query","name":"gate_id","type":"string","description":"Enter id","title":"id"},{"in":"header","name":"authorization","type":"string","description":"Un-authorized access.","required":true}]}},"/v1/company/create/normalUser":{"post":{"tags":["Company user"],"summary":"add company normal user (staff)","responses":{"200":{"description":{}}},"parameters":[{"in":"body","name":"body","schema":{"$ref":"#/definitions/ADD_STAFF"}},{"in":"header","name":"authorization","type":"string","description":"Un-authorized access.","required":true}]}},"/v1/admin/get/company/user_list":{"post":{"tags":["Company user"],"summary":"get Company user list ","responses":{"200":{"description":{}}},"parameters":[{"in":"body","name":"body","schema":{"$ref":"#/definitions/GET_STAFF"}},{"in":"header","name":"authorization","type":"string","description":"Un-authorized access.","required":true}]}},"/api/v1/login":{"post":{"tags":["LOGIN"],"summary":"Admin user.","responses":{"200":{"description":{}}},"parameters":[{"in":"body","name":"body","schema":{"$ref":"#/definitions/ADMIN_USER"}}]}},"/v1/admin/verify_otp":{"post":{"tags":["ADMIN_AUTH"],"summary":"Admin Verify OTP!","responses":{"200":{"description":{}}},"parameters":[{"in":"body","name":"body","schema":{"$ref":"#/definitions/ADMIN_VERIFY_OTP"}}]}},"/v1/admin/resend_otp":{"post":{"tags":["ADMIN_AUTH"],"summary":"Admin Resend Verify OTP!","responses":{"200":{"description":{}}},"parameters":[{"in":"body","name":"body","schema":{"$ref":"#/definitions/ADMIN_RESEND_VERIFY_OTP"}}]}},"/v1/admin/create/company":{"post":{"tags":["ADMIN"],"summary":"Update user's data in excel file","responses":{"200":{"description":{}}},"parameters":[{"in":"query","name":"short_name","type":"string","description":"Enter short Name","title":"Short Name"},{"in":"query","name":"ename","type":"string","description":"Enter English Name","title":"English Name"},{"in":"query","name":"aname","type":"string","description":"Enter aname","title":"Aname"},{"in":"query","name":"phone","type":"string","description":"Enter phone","title":"phone"},{"in":"query","name":"email","type":"string","description":"Enter email ","title":"Email","required":true},{"in":"query","name":"countries_id","type":"string","description":"Enter Contries id ","title":"Country id"},{"in":"query","name":"status","type":"boolean","description":"Enter status ","title":"Enter Status"},{"in":"query","name":"cr","type":"number","format":"float","description":"Enter cr","title":"cr"},{"in":"query","name":"logo","type":"string","description":"Enter lgo","title":"logo"},{"in":"query","name":"long","type":"string","description":"Enter long","title":"long"},{"in":"query","name":"lat","type":"string","description":"Enter lat","title":"lat"},{"in":"query","name":"company_type_id","type":"string","description":"Enter company type","title":"Company Type","required":true},{"in":"header","name":"authorization","type":"string","description":"Un-authorized access.","required":true}]}},"/v1/admin/update/company":{"put":{"tags":["ADMIN"],"summary":"Update Company","responses":{"200":{"description":{}}},"parameters":[{"in":"body","name":"body","schema":{"$ref":"#/definitions/Company"}},{"in":"header","name":"authorization","type":"string","description":"Un-authorized access.","required":true}]}},"/v1/admin/get/company_by_id":{"get":{"tags":["ADMIN"],"summary":"get Company by id ","responses":{"200":{"description":{}}},"parameters":[{"in":"query","name":"id","type":"string","description":"Enter id","title":"id"},{"in":"header","name":"authorization","type":"string","description":"Un-authorized access.","required":true}]}},"/v1/admin/add/companyType":{"post":{"tags":["ADMIN"],"summary":"add Company type","responses":{"200":{"description":{}}},"parameters":[{"in":"body","name":"body","schema":{"$ref":"#/definitions/COMPANY_TYPE"}},{"in":"header","name":"authorization","type":"string","description":"Un-authorized access.","required":true}]}},"/v1/admin/get/companyType":{"get":{"tags":["ADMIN"],"summary":"get Company type","responses":{"200":{"description":{}}},"parameters":[{"in":"query","name":"id","type":"string","description":"Enter id","title":"id"},{"in":"header","name":"authorization","type":"string","description":"Un-authorized access.","required":true}]}},"/v1/admin/get/company_list":{"post":{"tags":["ADMIN"],"summary":"get Company list ","responses":{"200":{"description":{}}},"parameters":[{"in":"body","name":"body","schema":{"$ref":"#/definitions/COMPANY_LIST"}},{"in":"header","name":"authorization","type":"string","description":"Un-authorized access.","required":true}]}},"/v1/admin/add/company_admin":{"post":{"tags":["ADMIN"],"summary":"add company admin","responses":{"200":{"description":{}}},"parameters":[{"in":"query","name":"first_name","type":"string","description":"User's first name.","title":"First name","required":true},{"in":"query","name":"last_name","type":"string","description":"User's last name.","title":"Last name"},{"in":"query","name":"email","type":"string","description":"User's email id.","title":"Email","required":true},{"in":"query","name":"password","type":"string","minLength":8,"description":"User password.","title":"Password","required":true},{"in":"query","name":"company_id","type":"string","description":"Enter company id ","title":"Company id"},{"in":"header","name":"authorization","type":"string","description":"Un-authorized access.","required":true}]}},"/v1/admin/get/companyAdmin/by_company_id":{"post":{"tags":["ADMIN"],"summary":"add company admin","responses":{"200":{"description":{}}},"parameters":[{"in":"query","name":"company_id","type":"string","description":"Enter company id ","title":"Company id"},{"in":"header","name":"authorization","type":"string","description":"Un-authorized access.","required":true}]}},"/v1/admin/add/role":{"post":{"tags":["ADMIN"],"summary":"Admin add role","responses":{"200":{"description":{}}},"parameters":[{"in":"query","name":"role_name","type":"string","description":"Enter name","title":"Name"},{"in":"query","name":"status","type":"string","description":"Enter status","title":"status"},{"in":"query","name":"company_id","type":"string","description":"Enter company id ","title":"Company Id"},{"in":"header","name":"authorization","type":"string","description":"Un-authorized access.","required":true}]}},"/v1/admin/add/page":{"post":{"tags":["ADMIN"],"summary":"Admin add page","responses":{"200":{"description":{}}},"parameters":[{"in":"query","name":"name","type":"string","description":"Enter aname","title":"Name"},{"in":"query","name":"url","type":"string","description":"Enter url ","title":"URL"},{"in":"query","name":"status","type":"string","description":"Enter status","title":"Status"},{"in":"header","name":"authorization","type":"string","description":"Un-authorized access.","required":true}]}},"/v1/admin/add/page_permission":{"post":{"tags":["ADMIN"],"summary":"Admin add page","responses":{"200":{"description":{}}},"parameters":[{"in":"query","name":"page_id","type":"string","description":"Enter page id ","title":"page id"},{"in":"query","name":"name","type":"string","description":"Enter aname","title":"Name"},{"in":"query","name":"status","type":"string","description":"Enter status","title":"Status"},{"in":"header","name":"authorization","type":"string","description":"Un-authorized access.","required":true}]}},"/v1/admin/add/role_permission":{"post":{"tags":["ADMIN"],"summary":"Admin add page","responses":{"200":{"description":{}}},"parameters":[{"in":"query","name":"role_id","type":"string","description":"Enter role id ","title":"Role id"},{"in":"query","name":"permission_id","type":"string","description":"Enter permission id ","title":"Permisson id"},{"in":"query","name":"status","type":"string","description":"Enter status","title":"Status"},{"in":"query","name":"user_id","type":"string","description":"Enter user id","title":"User id"},{"in":"header","name":"authorization","type":"string","description":"Un-authorized access.","required":true}]}},"/v1/admin/add/roles":{"post":{"tags":["ADMIN"],"summary":"add roles","responses":{"200":{"description":{}}},"parameters":[{"in":"query","name":"name","type":"string","description":"Enter role name ","title":"Role name","required":true},{"in":"query","name":"description","type":"string","description":"Enter description ","title":"Role description"},{"in":"query","name":"status","type":"boolean","description":"Enter active status like true or false","title":"Role description","required":true},{"in":"header","name":"authorization","type":"string","description":"Un-authorized access.","required":true}]}},"/v1/admin/add/role_user":{"post":{"tags":["ADMIN"],"summary":"add role user","responses":{"200":{"description":{}}},"parameters":[{"in":"query","name":"user_id","type":"string","description":"Enter role id ","title":"Role id"},{"in":"query","name":"role_id","type":"string","description":"Enter company id ","title":"Company id"},{"in":"header","name":"authorization","type":"string","description":"Un-authorized access.","required":true}]}}},"definitions":{"REGISTER_USER":{"type":"object","properties":{"first_name":{"type":"string","description":"User's first name.","title":"First name"},"last_name":{"type":"string","description":"User's last name.","title":"Last name"},"email":{"type":"string","description":"User's email id.","title":"Email"},"password":{"type":"string","minLength":8,"description":"User password.","title":"Password"},"user_type":{"type":"string","description":"Enter type ","title":"User Type"}},"required":["first_name","email","password"],"additionalProperties":false},"LOGIN_USER":{"type":"object","properties":{"email":{"type":"string","description":"User's email id.","title":"Email"},"password":{"type":"string","minLength":8,"description":"User password.","title":"Password"}},"required":["email","password"],"additionalProperties":false},"VERIFY_OTP":{"type":"object","properties":{"token":{"type":"string","description":"Enter token","title":"Token"},"otp":{"type":"string","description":"Enter OTP","title":"Token"}},"required":["token","otp"],"additionalProperties":false},"GET_ENCRYPPTED_PASSWORD":{"type":"object","properties":{"password":{"type":"string","description":"Enter password","title":"Password"}},"required":["password"],"additionalProperties":false},"ADD_GATE":{"type":"object","properties":{"ename":{"type":"string","description":"Enter English Name","title":"English Name"},"aname":{"type":"string","description":"Enter aname","title":"Aname"},"long":{"type":"string","description":"Enter long","title":"long"},"lat":{"type":"string","description":"Enter lat","title":"lat"}},"additionalProperties":false},"UPDATE_GATE":{"type":"object","properties":{"id":{"type":"string","description":"Enter id","title":"id"},"ename":{"type":"string","description":"Enter English Name","title":"English Name"},"aname":{"type":"string","description":"Enter aname","title":"Aname"},"long":{"type":"string","description":"Enter long","title":"long"},"lat":{"type":"string","description":"Enter lat","title":"lat"}},"required":["id"],"additionalProperties":false},"ADD_STAFF":{"type":"object","properties":{"first_name":{"type":"string","description":"User's first name.","title":"First name"},"last_name":{"type":"string","description":"User's last name.","title":"Last name"},"email":{"type":"string","description":"User's email id.","title":"Email"},"phone":{"type":"string","description":"User's phone id.","title":"Phone"},"status":{"type":"boolean","description":"User's status.","title":"Status"},"password":{"type":"string","minLength":8,"description":"User password.","title":"Password"},"gate_id":{"type":"string","description":"Gate id .","title":"Gate id"}},"required":["email","phone","status","password","gate_id"],"additionalProperties":false},"GET_STAFF":{"type":"object","properties":{"filter":{"type":"object","properties":{"id":{"type":"string","description":"Enter id to search accepted search contains, startswith, isequal, isnotequal","title":"company id"},"email":{"type":"string","description":"Enter email to search accepted search contains, startswith, isequal, isnotequal","title":"cmpany email id"},"created_at":{"type":"string","description":"Enter created to search accepted search contains, startswith, isequal, isnotequal","title":"created at "}},"additionalProperties":false},"limit":{"type":"number","format":"float","description":"Limit","title":"limit"},"offset":{"type":"number","format":"float","description":"Enter Offset","title":"offset"}},"required":["limit","offset"],"additionalProperties":false},"ADMIN_USER":{"type":"object","properties":{"email":{"type":"string","format":"email","pattern":"^(([^<>()[\\]\\\\,;:\\s@\\\"]+(\\-[^<>[\\]\\\\.,;:\\s@\\\"]+)*)|(\\\".+\\\"))@((\\[[0-9]{1,3}\\.[0-9]{1,3}\\.[0-9]{1,3}\\])|(?!yahoo.com)(?!hotmail.com)(?!yahoo.co.in)(?!aol.com)(?!live.com)(?!outlook.com)(([a-zA-Z\\-0-9]+[a-zA-Z]+\\.)+[a-zA-Z]{2,}))$","description":"Admin's email id.","title":"Email"},"password":{"type":"string","minLength":8,"description":"User password.","title":"Password"}},"required":["email","password"],"additionalProperties":false},"ADMIN_VERIFY_OTP":{"type":"object","properties":{"token":{"type":"string","description":"Enter token","title":"Token"},"otp":{"type":"string","description":"Enter OTP","title":"Token"}},"required":["token","otp"],"additionalProperties":false},"ADMIN_RESEND_VERIFY_OTP":{"type":"object","properties":{"token":{"type":"string","description":"Enter token","title":"Token"}},"required":["token"],"additionalProperties":false},"Company":{"type":"object","properties":{"id":{"type":"string","description":"Enter id","title":"id"},"short_name":{"type":"string","description":"Enter short Name","title":"Short Name"},"ename":{"type":"string","description":"Enter English Name","title":"English Name"},"aname":{"type":"string","description":"Enter aname","title":"Aname"},"phone":{"type":"string","description":"Enter phone","title":"phone"},"email":{"type":"string","description":"Enter email ","title":"Email"},"countries_id":{"type":"string","description":"Enter Contries id ","title":"Country id"},"status":{"type":"boolean","description":"Enter status ","title":"Enter Status"},"cr":{"type":"number","format":"float","description":"Enter cr","title":"cr"},"logo":{"type":"string","description":"Enter lgo","title":"logo"},"long":{"type":"string","description":"Enter long","title":"long"},"lat":{"type":"string","description":"Enter lat","title":"lat"},"company_type_id":{"type":"string","description":"Enter company type","title":"Company Type"}},"required":["id","phone","email","countries_id","logo","long","lat","company_type_id"],"additionalProperties":false},"COMPANY_TYPE":{"type":"object","properties":{"ename":{"type":"string","description":"Enter English Name","title":"English Name"},"aname":{"type":"string","description":"Enter aname","title":"Aname"},"type":{"type":"string","description":"Enter  type","title":"Type"}},"required":["type"],"additionalProperties":false},"COMPANY_LIST":{"type":"object","properties":{"filter":{"type":"object","properties":{"id":{"type":"string","description":"Enter id to search accepted search contains, startswith, isequal, isnotequal","title":"company id"},"email":{"type":"string","description":"Enter email to search accepted search contains, startswith, isequal, isnotequal","title":"cmpany email id"},"company_type":{"type":"string","description":"Enter type to search accepted search contains, startswith, isequal, isnotequal","title":"company type"},"created_at":{"type":"string","description":"Enter created to search accepted search contains, startswith, isequal, isnotequal","title":"created at "}},"additionalProperties":false},"limit":{"type":"number","format":"float","description":"Limit","title":"limit"},"offset":{"type":"number","format":"float","description":"Enter Offset","title":"offset"}},"required":["limit","offset"],"additionalProperties":false}},"host":"localhost:8559","basePath":"/","schemes":["http","https"],"consumes":["application/json","multipart/form-data"],"produces":["application/json","multipart/form-data"]}