{
    "/mock/user/create": {
        "firstName": "Jonathan",
        "middleName": "Gob",
        "lastName": "Zinx",
        "dob": "22-05-1990",
        "email": "jonathan@authenticating.com",
        "houseNumber": 504,
        "streetName": "121, 9th ST",
        "address": "121, 9th ST, APT 12111",
        "city": "Santa Monica",
        "state": "CA",
        "zipCode": 90411,
        "ssn": "123456789"
    },
    "/mock/user/update": {
        "userAccessCode": "1111111111111",
        "middleName": "Gob",
        "lastName": "Zinx",
        "dob": "22-05-1990",
        "email": "jonathan@authenticating.com",
        "houseNumber": 504,
        "streetName": "121, 9th ST",
        "address": "121, 9th ST, APT 12111",
        "city": "Santa Monica",
        "state": "CA",
        "zipCode": 90411,
        "ssn": "123456789"
    },
    "/mock/user/verifyPhone": {
        "userAccessCode": "1111111111111"
    },
    "/mock/user/verifyPhoneCode": {
        "userAccessCode": "1111111111111",
        "code": 12131
    },
    "/mock/user/verifyEmail": {
        "userAccessCode": "100385a1-4308-49db-889f-9a898fa88c21"
    },
    "/mock/user/verifyEmailCode": {
        "userAccessCode": "100385a1-4308-49db-889f-9a898fa88c21",
        "code": "12131"
    }
}